"treatment","mean_cells","sd_cells","n_cells","SE_cells"
"dnrbpj",3.1293507168,0.783404908712625,5,0.35034932595769
"pcig",7.1543313796,1.32975570042919,5,0.594684827925504
