"treatment","mean_cells","sd_cells","n_cells","SE_cells"
"dnrbpj",1.0098213768,0.518181780657895,5,0.231737937250588
"pcig",3.1254407464,0.811277262668702,5,0.362814221585434
