"treatment","mean_cells","sd_cells","n_cells","SE_cells"
"dnrbpj",2.11952934,0.409618973360681,5,0.183187173861632
"pcig",4.0288906334,0.595950364071871,5,0.26651710505609
