treatment,brain_id,olig2,olig2_pdgfra,olig2_pdgfraneg
pcig,1,5.387378143,2.052334531,3.335043612
pcig,2,8.503836317,3.772378517,4.731457801
pcig,3,6.474103586,2.988047809,3.486055777
pcig,4,8.432743727,4.07239819,4.360345537
pcig,5,6.973595125,2.742044685,4.23155044
dnrbpj,1,4.035874439,1.793721973,2.242152466
dnrbpj,2,2.740937224,0.530503979,2.210433245
dnrbpj,3,3.328981723,1.174934726,2.154046997
dnrbpj,4,2.00080032,0.56022409,1.44057623
dnrbpj,5,3.540159878,0.989722116,2.550437762